temperature,voltage,current,days_since_maintenance,failure
37.483570765056164,233.99355436586,8.649643450051236,32.76577326367827,0
34.308678494144075,229.2463368291277,9.710962658568965,64.18844967661494,0
38.23844269050346,220.59630369920174,8.415160158000077,77.59183399735068,0
42.61514928204013,213.53063222294426,9.38407694072192,146.63062972020572,1
33.82923312638332,226.9822331361359,6.212770666092428,106.69659373601274,0
33.8293152152541,223.9348538542175,10.426587414745876,49.93555292700326,0
42.896064077536955,228.95193220027733,10.002410950724448,104.58108868252911,1
38.837173645764544,226.3517180168197,8.365822737863619,43.58088033184904,0
32.65262807032524,230.49552715319334,11.31849133686481,122.48073161661219,1
37.712800217929825,214.64764788439433,11.875140275253116,75.86626044546364,0
32.68291153593769,233.17394065634326,6.784880271262052,87.19091433782488,0
32.671351232148716,221.975996046924,8.47455044286757,129.7738994262657,1
36.20981135783017,240.75260872625265,8.461715300425404,51.385092942472504,0
25.43359877671101,213.10812181910433,8.120193797782271,48.08645444661026,0
26.375410837434835,237.35963803165248,11.658949683863497,72.49202020961985,0
32.188562353795135,221.9791078346265,9.612347722454393,121.1513655305795,1
29.93584439832788,213.4858199638555,9.470970317378779,44.41961773569473,0
36.57123666297637,215.16114165945677,5.992275271186493,5.0353320566829325,0
30.459879622393945,216.7965269180568,11.270836060418453,76.46523424773004,0
27.938481493323543,224.24165946401916,7.521483210293055,106.55222399732762,0
42.32824384460777,225.228354880355,10.119865260532656,126.00785249216489,1
33.87111849756732,214.26299996061422,10.554753875916383,76.10515913743804,0
35.337641023439616,219.75645407739017,12.721317191677302,77.65720178651992,1
27.87625906893272,241.42270358611864,7.382359201761776,124.61702202767242,1
32.27808637737409,237.2754317010071,3.9609756883583493,33.90774900913738,0
35.554612948549334,224.36323669674033,10.36769908950739,78.34437674450972,0
29.245032112888488,220.380034781682,13.601022363021707,95.71271669775173,1
36.87849009172836,221.20031326718262,12.477892705878874,103.47656163855103,1
31.996806550405974,226.13517972730418,10.419318830549251,74.70579920427352,0
33.54153125103362,209.77207434801593,9.016727628735905,91.03323035117523,0
31.991466938853016,217.42623462576654,11.61424519327462,15.350179397610319,0
44.26139092254469,203.31415926122412,8.052907600591062,70.25254762998455,1
34.93251387631033,223.99223122605278,10.952715538712438,103.60526137663402,0
29.711445355220498,226.4719593970274,11.010940318333255,60.53117897235961,0
39.11272456051594,215.16813537700625,12.12041981499776,91.76952664768793,1
28.895781750144888,235.7398676329003,15.519320077822155,103.40617502408094,1
36.04431797502378,207.7423433699766,10.784831934357534,79.72352397426705,0
25.201649380601122,205.3562511979018,8.982072748585002,95.11391312989713,0
28.359069755507846,222.24451818559973,9.94885137561601,61.11802304146163,0
35.984306179345616,230.47098302612153,6.4618481902217635,83.8016616091186,0
38.69233289997705,236.83927691457868,8.610573737821884,108.30648508767668,0
35.85684140594985,215.4111573713106,9.181435123773792,94.70918882905303,0
34.4217585880588,230.78680833431295,8.951823204130815,72.40406191308193,0
33.494481522053555,219.61491530499293,10.304709744067445,96.72649212872379,0
27.607390048162863,218.2737270005918,8.355160135235598,111.43829371909854,0
31.400778958026457,228.83659937486672,12.242061334648943,28.50176164267566,1
32.696806145201066,226.5232287841342,10.000414129836393,124.77222194867693,1
40.285611131094576,204.2360784301575,9.981399357722772,79.91235783956785,1
36.718091447842305,234.76540349725894,9.344210566974164,102.76469799720691,0
26.18479922318633,233.80091354147453,10.310381367717959,125.91740770935684,1
36.620419846973974,213.74437298490471,11.65019652933527,48.84978908308602,0
33.07458859791842,223.9580353343741,8.2657395685782,68.7167699271736,0
31.615389998470206,224.9403018628274,8.683767021849487,81.34353912372886,0
38.058381444204336,222.60673765823907,9.39254794244667,66.48739436626715,0
40.154997612479754,214.4969484615458,7.30825815305357,142.04809727510425,1
39.65640059558099,213.2837663206195,8.361484280557004,64.29683718519621,0
30.803912383886807,219.74445929008556,9.047558252910681,73.333596615394,0
33.45393812074393,231.72729019259364,11.748778361425455,96.13167094808931,0
36.65631715701782,225.43600154594432,10.52512265800385,53.93551421771733,0
39.877725635611796,216.29385667913894,10.387179822735089,78.12957864731209,0
32.60412881077355,227.71698710648346,11.701795924335944,99.52359783750525,0
34.07170511668092,191.51457379369924,9.725256423201207,80.01418786852466,1
29.46832512996986,231.48765700372104,10.78092969985778,87.19839423300155,0
29.018966879596647,202.602862212219,9.793556494135007,74.12003662654888,0
39.06262911197099,216.37559058596867,10.530724698799258,44.56589072457699,0
41.78120014285412,208.80330105373855,8.834482684776836,99.64779634017715,1
34.63994939209833,207.05318524279093,5.122365683447142,142.64799214941723,1
40.01766448946012,231.6082678737852,9.731441675627392,90.55204892350315,1
36.808180125238174,215.3229879868811,12.845496272199881,96.75792351742649,1
31.77440122697438,223.46503881730715,11.852430804483184,110.78168265350578,0
36.80697802754207,219.53079421120816,11.930794969182342,51.92008510359903,0
42.690182832329846,224.7704082722312,12.472261443612435,141.07543974388818,1
34.82086980445024,220.76821891060254,10.177315181922875,96.06986389268405,0
42.82321827907003,207.1700777581143,10.394631414811192,138.95570697267328,1
21.901274479551276,229.9626681944714,8.7646962091313,68.00901013428032,0
39.10951252187612,215.0624341683869,9.367854287945901,144.54185767673474,1
35.435235341190854,204.43418101340248,11.231542299542284,113.25466482104349,0
33.50496324767066,215.71884839034087,12.407768874337632,106.59120257557075,1
35.458803882677515,235.0075979063431,9.721107448638001,97.02073363059444,0
25.062155426995538,228.50221742113493,9.099621470297176,82.54414145776651,0
33.90164056081244,216.5134786559214,10.001055917713195,126.01594975421618,1
36.78556285755873,216.5074229568157,11.20241349785823,94.21079609544141,0
42.38947022370758,216.78364948782618,7.112290367732916,30.987908892385434,1
32.40864890863176,240.7674798356084,5.407638093725524,56.48440614878993,0
30.95753198553406,223.81935452231554,8.898926301016832,84.42462743421758,0
32.491214782077314,224.3004164719107,7.558575148171682,99.29996949496665,0
39.57701058851037,230.30283454031843,8.983719604705378,88.30234533300313,0
36.64375554829842,222.38789159026513,9.704439362365058,126.5691236938099,1
32.351198981164806,217.40957854179297,9.093503181953974,31.46694407884125,0
37.56633716556678,218.0365015091502,12.90493506894149,94.3076380951548,1
35.4853877467402,219.28398740585936,10.65348952920464,35.46062323838536,0
39.84322495266444,219.62777763490158,10.600948719221657,112.79136886452505,0
31.489734530613237,227.2762954363698,11.244414288086803,87.16623856673992,0
33.36168926701116,220.519458858073,7.722333764438462,102.58829916072355,0
33.03945923433921,227.32640077215578,12.078223574840537,64.08351118230702,1
27.682425259339407,219.19283419891417,9.84847142692908,128.38394794973254,1
36.48060138532288,220.7863519031609,11.340961234482425,121.25173992176553,1
36.30527636089945,200.01799315467892,7.856285533919689,107.50632909035663,0
35.025567283212304,229.1632767470248,6.892482467967872,86.11448259409677,0
33.82706433312426,223.46488475897993,11.635779316050057,107.39571855885396,0
27.92314628974793,229.98010109859652,10.752819052195033,68.79322296037954,0
32.89677338617321,191.0374462180631,8.19589689128498,115.66666977062135,1
33.286427417366156,240.88374704780728,8.26067383745061,139.48442682971762,1
30.988613653891903,218.60410371844827,12.25086956882954,122.11831679937558,1
34.19357144166995,231.08182816737516,7.621176214265344,68.11192590577771,0
37.02025428407269,209.6009407287447,13.285345906511926,100.84251951819309,1
44.43092950605265,226.1277390506257,8.198758530704263,51.205753687240566,1
35.872889064159196,209.46584436826345,11.276783851216766,107.17170933527026,0
36.28775195361382,213.76231039304196,9.34276304850203,103.51810238587616,0
34.62777042116917,239.14031353866787,11.206374862164687,33.90550981403508,0
25.406143923504793,218.09317599236653,8.911771995771614,55.14648468262909,0
34.867430622753915,222.17432873179723,9.674414187855412,81.50583309768699,0
35.30115104970513,228.70067730688754,10.081838350791442,80.97420758577522,0
47.316210562426434,224.95681887972606,7.9956250884370546,53.71569193743584,1
34.03819517609439,221.50418905143576,11.481648690840252,101.66936188056552,0
36.50773671166806,223.64961002466225,8.973572867056829,97.54420826821536,0
34.82644115147378,244.03415585238275,9.542800169319962,84.17192604064442,0
29.15660981190234,219.42381202966413,8.011301250782976,67.32625499524912,0
40.7141140725751,222.01099046714967,4.875332682409379,121.4612137924969,1
38.75966516343387,230.50654396007613,9.617944474799662,139.66221339264885,1
38.95515973521523,231.05525932957983,14.825230843225832,75.49315548460389,1
30.453062726026303,231.8703030556038,11.569208575796047,71.63499248535538,0
42.013971554680495,226.38730222029184,9.961479240531212,104.73622996235989,1
27.990744686038596,208.56995087269516,9.474218341583464,79.25911860759041,0
37.93428546900135,236.33431532301097,10.044931785624092,85.81808398010297,0
45.952278129049894,208.5365460698131,11.09423823035042,112.18959455174014,1
30.04731837434656,223.02635465239032,7.63837436938231,32.71931737478121,0
32.16851135198614,212.45724149980643,12.228643389337744,129.54906974558008,1
35.498256825438204,219.35861653407008,11.430762630882487,92.18041572988024,0
32.482621729419,223.2876241030348,11.43637145141587,77.6552056631346,0
27.246682844669337,223.21357215450274,10.876951477619455,87.32297537335653,0
35.34281487403014,224.21920754235285,10.03923331538798,88.87288065061556,0
29.688481431369475,236.13711269058646,11.34572247193364,38.06396089665224,0
37.36796215317591,224.5353430151398,11.183628267482757,134.84814682359706,1
30.402878828830985,217.55843364709352,9.291918578117953,91.23976896811855,0
42.7496720250877,229.64087168288358,8.852796454206198,103.29006391342125,1
31.083733538318814,231.8947048892464,10.203712590523974,118.54649311722127,0
33.38969241897162,207.72392184863008,13.098040302990375,59.365126273190995,1
39.06758608684835,225.97400069849857,7.521785848692199,104.20415697105685,0
28.845678417830225,227.011727423109,7.06494946849512,81.97076727303619,0
36.13729967302065,217.02436496640007,10.329521682473034,115.40312325649481,0
41.53571377141214,233.7570681331162,10.101775403712036,26.18317738945514,1
26.96258382719386,218.49944412967474,10.346683328740816,87.02717099276192,0
35.92316929266152,221.2557645347154,10.487906395817001,71.91538032648116,0
36.29941397124212,218.2692817571613,9.55359549073039,102.96788851902467,0
38.909114358886555,220.15579047581468,12.979726877204165,104.10132562104606,1
28.81524644560959,209.037249131048,6.798192043046969,68.77122315533921,0
28.397716934578618,205.59949117405705,8.343005950439508,68.6347840747187,0
37.60970782808449,235.94505063224972,9.793490479701905,86.68003894328012,0
36.48492336616593,211.53038651681672,6.7136223776916655,63.100733180543756,0
36.252464251729386,210.08607650543692,9.648291191135858,115.2595108635638,0
36.73224104748488,198.46609886396286,13.322940331456037,78.92378398657661,1
31.599876392107547,213.610382523105,10.041772976591924,2.7903534203507547,0
36.16126848580502,206.769102065925,10.461401811437367,78.75533830134582,0
36.46536236649341,236.4201516013637,7.47967046965484,58.84368537468083,0
31.42824290986816,230.09817089342636,8.767277183921045,41.061725536171636,0
44.328872555723784,213.11849654822277,9.249607239352127,52.877200853322826,1
37.36916460455894,242.52435805344308,9.364569806487532,93.2822541549891,0
29.043482513986756,229.81765486991594,12.563287590007537,129.85922484744694,1
38.28276804316915,216.75168616491376,11.11538212145025,99.3955342159494,0
30.126591648863393,195.00594285126428,7.777084086125936,71.80489835352782,1
38.93542301871226,242.90942572590743,10.49300955686401,103.67712585512108,0
40.79297789503702,206.10427533236404,10.996443496993571,76.22729069343025,1
30.89658840824145,203.54601253043108,12.280298077042533,69.16198892510566,1
39.816880646221605,230.2257043200964,13.161081373136748,55.36911995301047,1
37.063904634682494,244.39752406339272,7.969811616344263,37.44513579744842,0
39.11030079997245,233.8427281851052,8.378284977579323,78.30228880321664,0
44.48396491326974,225.6390912005236,7.4848442821707675,94.74160469760396,1
33.77305941998565,225.94754341665285,9.531960281786038,87.10128989955331,0
31.23131917821255,228.53415558780307,10.93271674889267,77.52099216157924,0
30.552427851872384,227.58928589786765,11.974669033178204,61.627618179096565,0
30.920948575172808,222.81191423969375,9.848097952714955,108.24738575054906,0
34.61449145292948,221.04201103951877,9.360304953490312,50.486042401602454,0
36.70575987408322,219.3740687210048,10.30351598449748,113.28083741530426,0
36.3834539966501,212.46035411133323,8.329714196739953,59.93348943219826,0
39.13591624518012,217.19324923133226,14.179077443389547,67.42694287940895,1
35.065009459389536,203.07043185804613,6.784677945763883,45.99644428152969,0
42.26767038578659,219.0166037320525,10.36948115779145,74.9579355934309,1
33.67671583381022,210.11408892849082,14.04721243845928,119.25937375433936,1
48.600845832948096,208.9641068278423,10.013599689119996,105.46884265331869,1
38.128336738825034,221.7989415115348,9.61992192999701,119.35266336084105,0
30.714212217918586,233.92002286344598,9.285109154379146,105.66427637801807,0
29.64553750969444,229.18316606002313,9.639216636475185,56.88990514408892,0
37.41236207621593,204.29499396376823,12.74569694935306,80.07632327017328,1
33.88268607337075,210.10371863429663,5.576276177340986,66.59402612647612,0
38.57000247046046,229.40771187988216,13.066867402592651,129.91724712117121,1
37.366188122867726,210.1751260646169,7.15208569509971,54.09634060721066,0
34.63585543671564,217.75366850002976,9.466695341531171,116.81093068167333,0
30.766031409657977,225.50052099024552,9.141511159402675,116.78861610326308,0
27.425763876570677,210.31655545136366,11.17710653954144,144.8886060514826,1
32.767425239664895,221.0537550614596,6.803751296232505,77.70940222111508,0
39.28199397161736,206.65974505081795,10.924345332163886,111.36966478740486,0
36.07046872065102,213.98632356048788,14.048619246573704,158.44955509616528,1
28.771306106440058,223.19781934142537,7.273651990814379,71.4707496919891,0
35.86590462925591,204.07006266468332,10.379412335220792,43.94879257402921,0
36.92658689864418,224.40474737960398,8.676035644406781,33.59969898276709,0
30.580712818994336,219.8036220107332,10.85177441238607,111.38136086583994,0
35.768625529727636,225.5248995441715,10.038295554831505,33.50549375824249,0
35.29104359223,222.23914134064663,8.71702618191138,78.83042841186231,0
29.285148510846884,233.64140429973844,10.975744569742147,103.11939561116883,0
36.788936801741414,221.25224502647907,13.608696219573487,95.55526610489743,1
37.803922631841175,215.70594458874746,9.618192416545403,102.76334592552517,0
40.41525621587638,221.22297503032283,11.439515884296364,96.66869567402563,1
40.26901026017451,225.43298029036387,7.413454084257673,128.3659743994018,1
28.111653160214544,220.48860070325705,8.087127246363982,61.43050857783609,0
30.310874800424386,220.40591691203883,10.944812555760755,69.69014584624406,0
37.5751763360433,212.98008312193244,12.96823205707193,66.82021664187528,1
37.56892975456105,213.37099082449052,10.71122669757132,114.9057543558783,0
37.57523843153024,205.97394728200305,9.373883938953691,117.0119576518519,0
54.26365745327361,237.49576743186938,9.998582810846708,103.53675957955525,1
37.85445255346583,207.56136764608715,7.499184532060565,125.50481000669784,1
40.677828200902994,213.07094802204094,11.209030652710734,54.65877397870858,1
39.770008817466014,212.81592734430802,11.76466612464682,140.01672334653412,1
38.25695625652899,228.94924376944442,9.09581933433384,135.69715865136774,1
33.423653776798275,217.05050321707972,9.059915704480996,112.0686599173724,0
38.79484610246634,232.47742072673734,10.531756459304097,143.4539672631318,1
31.13587392731214,213.26509375756132,9.126560527918809,40.30130376966679,0
33.815906966299956,222.78994162223802,9.867734770748354,74.26655591212045,0
32.57318226085448,211.64652946740242,14.199443578333032,67.94089617954143,1
35.40937069693161,241.45149127773388,9.505948598508006,111.6443797127203,0
46.573292833367546,208.12401580970487,9.283319695957555,58.49577781193563,1
25.66367403704126,223.09820710227027,8.704916388729682,112.72485448012456,0
38.431300951872565,226.33776880932098,11.488383942999874,131.1160843199014,1
26.936420644051744,224.137990974515,9.637551653563794,110.85608700251998,0
32.64034067105283,218.1471234112229,8.701253923357148,98.51253070984504,0
40.44475298483683,218.70179300266574,12.642608064546025,60.36379977297753,1
35.321400095477316,220.4381147197911,12.839206009027274,64.59447101623905,1
29.61127611035347,218.52997998371512,8.79915286852259,127.4885671589,1
31.42348145370016,229.6387911679491,6.266920097278767,113.38047011715997,0
38.39798874467338,242.10523001591352,12.015027379673844,88.82941441867368,1
31.34816684141432,214.42508214992165,8.630740348479993,77.46271362702328,0
36.08229294790988,206.30197020420923,11.581251198325537,29.22576380665869,0
35.22785919951907,219.11717951648745,6.059792364576329,57.874427439466835,0
31.741998261970913,245.7970933765432,11.785194676598618,147.3425726141917,1
45.719720446626624,211.9632543203027,7.577656141438437,51.586332869926,1
38.169595111590056,236.39116805444067,11.461528238133049,95.68439463663242,0
24.874287066711965,236.7770081407644,10.028546135672869,120.22331919585596,1
35.93227157384714,214.46411758292007,8.09212116120671,52.35231995993123,0
31.69106767615806,225.68983079185276,9.18592737414644,95.5413142434325,0
39.26216667398112,236.28396623128538,11.372636913913402,118.13746612531965,0
31.037396307836495,216.20872259012512,10.211788906230469,90.37497965721751,0
34.42631779266551,217.96419639897638,11.168825960944968,176.05209167000305,1
37.524936394902284,214.18319086051355,13.95288116903097,39.94202223365414,1
39.32877597085061,209.85243269307134,6.871516776577897,121.76185589651637,1
28.998517964721117,213.50722454933992,13.234425149937248,84.81594787810607,1
33.327493820795254,207.76059733237744,10.208711875046426,113.15760464510025,0
32.625273444195216,220.34083468259226,8.202431903353745,103.23921455097738,0
31.73335383713144,212.30026768941357,7.33937274852202,68.00531408670011,0
43.82727120140548,222.33785911790747,9.621759218445932,96.86989177378021,1
37.024908554804774,204.44104353796374,11.84330022384892,34.262956458051384,0
28.695580228324772,223.30880232214457,9.744901759244932,108.09742501714182,0
39.58930973527388,228.33528961608926,13.022309860494694,98.94475397971577,1
45.610780985063165,200.06264357428546,7.097648619896882,109.15980505929306,1
40.16232630275574,223.74056569847573,9.975822104307891,121.74354975261451,1
27.403150170229935,232.27668992473292,7.495213111173761,101.02859520629133,0
32.57882963566874,207.90358981308793,10.727263765249935,94.44268259394829,0
41.334555745933116,236.72572386837703,11.7737747801946,63.56794990016123,1
31.461652671906094,224.19019009366045,9.158476412637894,68.63337709052847,0
37.219097140731144,212.94988144241591,4.7915722867457315,125.60203860531993,1
38.87317026714668,219.44230922342294,10.39789629359299,133.09006217117934,1
30.365347642109583,225.5832691252172,10.87347710346702,82.85668691063837,0
34.702373219691,220.76005391412411,10.808589509923396,91.38008241759822,0
18.793663299654636,225.3875599244637,12.471564383644308,62.86156875018702,1
29.878061793328552,210.79326406920634,7.857892640701902,125.18270535802336,1
33.7371592430342,221.6936082403608,11.3604322109009,109.96250471075336,0
28.761084090175753,205.8628550309502,12.38501502495595,148.23652309391247,1
43.16205651965818,218.887739386513,6.442824831986966,63.65030768460783,1
27.849293110196836,210.9609235853521,10.639303651837954,78.65976302945349,0
32.79977756651508,212.64470057410233,8.991640337984657,96.94337767576717,0
35.65370288643046,232.36093175210436,9.836954653796708,109.39468613177311,0
42.20636644533058,230.9131012059427,10.695352967076673,83.52997087357103,1
27.8206892441028,226.09138120907176,9.025542871772895,63.81116728638899,0
40.815818760774796,209.0768723532742,8.648583841676777,116.44222586770714,1
35.05116530509793,216.83591550305198,10.068304834976049,111.63406087636744,0
30.092456744760245,232.13097699979184,7.825508122274394,62.511776983088254,0
37.31051737131635,221.41716913639905,7.828349742229629,130.66328403316487,1
35.99529847786735,243.19329539981695,11.358746565913007,125.10596127589811,1
31.998915614206027,223.9331783939437,7.702411929682688,94.02889491743379,0
35.349010424950094,221.9204911649003,11.332625001818425,92.38793587128109,0
33.073432015691196,216.908835357975,10.925182585707903,106.62173313347722,0
35.56758672625624,221.33540904782282,6.548386542418807,64.14890789231225,0
38.31065337260523,218.47530163619456,8.64487069532869,90.90094437492246,0
42.93008408072676,227.0810867668859,12.388218806094745,25.428493661724588,1
28.810922505865754,229.56702316794585,8.037668937720637,116.29366936508806,0
45.665166873281336,212.1401053949205,9.071191475381225,43.15520332674422,1
25.23956100238749,206.6876704644222,10.924121786503793,135.10259485286997,1
34.24107452482208,201.63794626896703,11.566781018565191,80.0963971810065,0
37.94158603242288,225.07991326912543,9.496922227911009,83.6499905420647,0
36.40495933867516,208.96633393826127,8.804979610616718,71.16798281746483,0
31.88650240089703,198.47109407047517,12.844739723397016,81.35883378233771,1
33.95938874821363,223.88578604530963,13.477799327595157,132.5559403544411,1
32.53499532670584,244.9299951743279,11.95771610156359,15.365740303947618,0
32.053176215278945,219.93929088460106,10.170636285130048,128.30896158264562,1
39.24801048510513,228.38490774451643,8.383468556718148,100.14070443305124,0
36.785077429825236,220.81829358547566,8.33911118688687,53.78935056428353,0
31.535452023696728,219.01110346808858,11.045028210531514,57.740628208522864,0
39.49799937716625,229.19076482987768,10.836796441777368,140.29179081624608,1
36.536497604383044,217.0972545581135,12.80319718589286,61.634793601718066,1
39.0643105941948,222.67392314071904,11.300900185072278,55.39948468212122,0
38.14814420961806,223.21697806196013,6.9938393964803645,124.11943627094188,1
30.855024945389637,213.3190954635695,12.103895235445837,100.15658628857743,1
32.19909479901515,229.92042349536524,8.003878745371175,61.862232703908035,0
38.73646802561631,218.2504024330459,9.232057456095298,96.49874926213857,0
38.05185132716733,212.44254840507156,10.500400412503389,59.22741949079168,0
34.89549203017926,225.36509843570403,13.99133497956793,123.02464195267815,1
35.58663691654391,211.01532018208962,16.219837112010723,121.841128946194,1
41.388324478942124,220.28181157369127,11.213446118272365,105.9601859646583,1
32.04214305582085,219.90881003355796,9.633606762559225,100.8498318374105,0
37.73548690585019,230.85895565831578,11.0690112969611,142.83564374602122,1
33.98903673783053,224.74698232879953,11.775310851747673,89.99058982164676,0
33.911593983863895,219.74973041254856,9.358664748885616,54.543776237375965,0
40.49388425993595,228.17766299200287,13.590422711824644,103.48421738496921,1
39.12708174494015,233.90207549017313,10.460141518382803,152.5814114861134,1
39.06754818000319,225.57810306351863,10.995486178182789,59.55721520442444,0
41.52739403577164,220.1035261984338,11.331848504108923,79.15611699918043,1
35.105019208163796,206.8816376764984,10.843173221228911,102.49338114304358,0
38.40976485647482,209.34886336924626,11.677881000939225,88.38285452982782,0
33.44866621703272,216.94775295645331,8.765493626906153,60.53089258868056,0
36.62083176244221,213.90487797840717,8.88339649210794,123.65573568691413,1
34.34928472816158,218.13028697014553,7.79969153405661,159.60122166051778,1
35.48497982496359,220.56649924897107,10.879002461240454,95.88394377071722,0
37.975785127184565,225.2969275435673,11.557873007024227,62.87795130791999,0
30.908896583832636,219.29501221940907,10.915545732303771,43.531184248395746,0
45.4619363784273,224.86501643826202,13.348984866695075,97.73927943663543,1
29.96991309250149,220.6447441481012,9.988807962341907,123.11632029948774,1
28.92905693606134,200.2453343364613,11.337483311185025,104.25503239486144,0
40.79055436750034,210.60664606181246,7.816598247721371,89.92788477243438,1
38.95831346981468,218.55912444278385,9.225800595051197,72.32185044632081,0
38.12059908526078,207.90305257158892,11.391075515131554,57.23509101845731,0
38.1417275463214,225.99928729996205,11.698204221486288,115.04253978974646,0
34.93876613576543,235.30750832343696,9.412066104671636,117.41314864156757,0
30.51372814257084,232.18761851697317,9.856801496283866,43.628106399278,0
35.379022790968634,217.86557129069791,6.964252506638381,137.6951693454205,1
31.61419144243944,234.90726136849952,9.285941598386781,107.22213662682003,0
39.87559866708875,221.48667457202112,11.780766327039572,131.98783935437382,1
34.26471309248931,216.6291402888196,11.150410032213133,49.73616754544655,0
30.872514016037442,213.86597336459062,11.00133144276242,49.02527533753683,0
33.393070791735035,216.9753031351187,10.09954737436192,85.53092070698109,0
37.064657271378124,216.11823181458772,10.014126317256354,105.08353280685583,0
32.18137723598013,221.70416222375488,8.679357721053107,143.8908246878089,1
30.888898022167844,221.60573981049865,11.39765684040507,111.18236741445395,0
36.21843605745956,220.03046020153414,10.84194588877878,82.719561695639,0
36.22483285554361,224.3693816974635,10.984037695985599,59.20892377002323,0
32.46528412314435,231.9064627478634,8.94793031466484,126.9000171815745,1
32.644808471908384,229.49554135441323,5.693314160257511,61.058837227478556,0
36.160249686788184,205.15102031550097,12.19430542350739,138.85405664316966,1
27.75957829251338,194.46078865098045,9.042325087983192,81.46846051180472,1
27.962681128117225,229.34319911239274,8.27444847191376,137.71746217853553,1
31.40777889373782,206.33121301584578,11.386957823827988,110.36793870177834,0
33.932764241440765,217.75234598107318,9.215974720161741,85.89013531672626,0
36.554537827990025,208.2988697394064,12.119872768093243,74.4181088452162,1
42.37678108474776,201.9801956241998,11.234011899153394,79.77276367961761,1
39.2882981160101,225.4146272820479,11.367138646400955,102.84950077125713,0
34.20030735018287,227.59155160302646,7.268088577598931,92.3146948865315,0
34.904918960486555,214.23489599273282,12.423887970772801,72.18565775793884,1
29.987353176810956,194.08957707855092,10.522501062467713,85.03105769047103,1
34.90743432003805,214.53755551747517,9.261445721507593,92.3573108915745,0
33.55670680539931,223.91804005402545,10.286776934684502,26.13797716755564,0
36.613592801690444,205.2108843122587,6.44752953420336,103.74504344366096,0
30.863845282238387,221.83359919779156,10.817305622961342,60.6083632584958,0
37.59673257120586,219.84690150827004,7.941256983635856,55.40002790382765,0
42.66369456501289,225.7929149960109,7.294659428312931,39.37966958667869,1
34.45619925771571,221.19580368414154,6.955281627564218,36.18322506396329,0
37.00855861049471,210.26931059118445,12.225376749979851,49.33657490663132,1
38.45071995855556,231.9657150166449,8.741473212614423,68.72937127108528,0
32.99389764057082,218.4147042697303,13.067455419833,148.59777412579706,1
36.12046240905208,219.72695460490067,8.928397073895404,74.22360972314388,0
35.06296200390897,210.66732040926803,6.5852840848141065,95.33250318804095,0
35.488380492744156,215.5671774880849,7.766951120102682,102.01444159518987,0
31.13495108072267,211.151972859731,12.471623240013876,93.93195558647547,1
35.12255087129471,218.27053940076576,9.688203644126665,87.6766961782202,0
37.48999145622725,237.11708480142343,8.903425407018798,54.14118709202266,0
42.25571803897521,206.28098857068645,10.320036451705576,133.52782644837635,1
39.79635413042603,203.86438602123258,11.00356547233509,144.21589930913655,1
45.76591228755778,234.7117032749361,12.234797631804922,39.52023917631943,1
31.163262185559752,217.90676322848134,12.896998459785852,59.27914227340861,1
39.36160318360339,213.30927261340082,9.280462708421828,81.60568972868981,0
35.91671002869176,230.39904687396077,7.3479046278359235,61.06386615269426,0
45.94901466608836,213.94384460263137,9.173069677753448,105.17896660367596,1
30.958508573224243,238.26009713546935,10.520561013165771,68.1518339278016,0
30.801390789096118,226.7792587133927,8.072482147578778,154.9516820341981,1
32.003036772779886,215.12088591854297,8.085698170209914,125.71645783030789,1
24.380521378450965,241.57308213265503,10.68757576309977,96.37722091896644,0
32.37122489159619,213.9428507699666,9.902695296859097,120.80958789959197,1
31.20433669223151,227.42095372009308,10.065593990823173,123.17701273071927,1
35.75196893238104,222.99292580406492,8.483009330599861,73.0815753582527,0
36.7087798788858,233.01741289398797,9.539198571588466,65.51348266374106,0
44.38085419607943,235.61511196726852,8.151533711463392,92.34429188908942,1
39.75211919093025,220.32004149065767,11.780396822249573,115.84908373493832,0
32.115481721687985,212.46582129653817,12.070498669447506,94.17181195960254,1
30.50792664325821,224.59972142939117,6.307624275523812,42.69010553427008,0
37.45959585753253,213.22284630247893,8.14097827961518,65.91526668147473,0
28.398833964896788,240.13387247526623,7.006941489819842,87.78081409216865,0
44.157293829271765,221.36535331082737,8.699952131186203,87.73003187022509,1
40.897200603606436,216.3467844868789,9.833124060419278,149.17626530369424,1
32.65412173947647,221.84680305864907,7.10070956060294,48.42036172803006,0
26.434327354545612,206.52873710470303,8.156280373749373,105.16767725507624,0
41.76936187082706,210.2838596148935,7.992085255837003,134.6733932498487,1
34.42730077373691,232.00413907944426,10.414534658797887,158.14349236268387,1
41.18908155986731,213.43105721028604,10.138688674072501,77.86807730448116,1
27.027861706028165,209.5308901731806,8.556524893325493,104.742883581606,0
32.00312488523114,225.36652752527286,10.353641744278796,107.09281071595942,0
35.026218498590914,231.85704154662997,8.906639830825469,95.86445194659872,0
35.23490296882371,227.18953310665066,9.456689779347894,87.03464396282082,0
32.749672642603784,229.96047685805817,13.346904180597074,103.07926168500137,1
38.114249661737496,212.43204911430539,12.680922103580695,14.032617443409436,1
29.661897853087027,205.78189333258157,7.400837526144805,110.46208470187894,0
34.288102574893536,235.01333651955485,11.65946483575835,93.78533710985901,0
35.601478158559495,216.77320161157866,11.622793108983185,83.32575309665204,0
37.57219417029374,217.49166983544953,7.703473422494763,151.40586587158674,1
38.558074390444446,233.2819414184906,11.637555287509722,69.75197943628343,0
29.376789540810655,225.5623000940066,13.075863836825105,77.90772032804908,1
27.32942914632189,224.55887772081607,7.754910387511172,149.746599066142,1
41.38838410949255,241.65002344901083,8.164994357971473,65.0381608545043,1
36.66157005989796,213.56481769619856,12.035322933687006,73.49654151190383,1
31.25756731721723,229.27840128081237,10.542990621651295,85.5892372970745,0
42.75575987761262,220.57013124897085,11.102952550479046,115.22203446388647,1
35.57837317146429,222.68592278863258,10.681178432800994,96.23407522059941,0
40.89648592031913,235.2846842641253,10.781391841856289,51.22123958543212,1
35.33759240705054,225.07835756289623,7.347055743377834,74.03494310618431,0
45.303739624409936,225.38296079049633,12.094635413242896,71.77936700363367,1
43.77670421221602,230.725073373098,12.339179984855548,87.68336864330863,1
33.75517925760463,216.35047270457116,9.541218511863944,102.77530975889488,0
39.85785475477178,211.60790332660994,9.913046100372275,102.54617267663916,0
38.226879747925736,209.55190805978967,6.937784994888556,36.71964737854793,0
41.843157787661745,200.33643410623998,11.02850951203567,121.91822962682568,1
30.17538269709948,240.56207129940321,11.144114883428289,97.5770653798987,0
38.4302572999922,208.96791634278316,9.875617966001379,131.5359614278172,1
40.292122434247936,217.78746376414227,12.248706719741005,103.32594981872016,1
26.20630256788443,217.2318670011108,9.331845538040119,123.03968873207288,1
29.083707436671126,223.074066978091,11.1292118517872,103.99635934350381,0
24.803839111199498,228.15737212539295,7.960671322615768,130.38677268608245,1
33.65296582777721,228.60473488359744,9.952895698251524,105.66751908053335,0
38.58771127897981,214.16922561431062,9.651291484194328,87.06254260671288,0
42.51178526048014,218.32878286213588,10.450615844081883,158.17304161340644,1
35.37047390209887,222.825799504883,9.260946142333284,116.67111366839677,0
43.14307772785646,217.51308873816453,9.737054808656664,107.2123326301324,1
28.099492708925542,236.07345576019992,11.652094342883013,51.710867503849926,0
26.483087803224226,224.9097495163825,9.126471525523565,51.35077147609387,0
34.722261505516904,227.34877786049816,6.786845798522641,98.7814644642556,0
36.92032724469654,226.62881268667414,13.499167808410842,94.36563593304723,1
34.836526259529535,231.73473857485325,12.762908157380974,71.57632304975051,1
24.662789499800617,221.81021558703708,7.415474609788763,94.2294809883618,0
34.55439980243606,207.03168052044154,11.379415610490389,137.65880784130786,1
28.477652497475734,223.99687951752642,8.994050458897314,110.86207423650896,0
38.348362744150194,213.48643106208172,10.526974430662118,55.76974470741785,0
36.83299123048424,214.71383318250244,10.588448258026988,86.65473518571169,0
30.300601068363225,225.86364018755094,9.531184399367357,65.85100557442317,0
32.43066541331653,232.38283071433636,8.432468668827207,78.36900250774316,0
29.70393239055524,220.2127157673606,8.618917895367481,77.59153003111072,0
34.686604513634144,223.08833012598964,8.167616169037515,75.67063252187984,0
39.77571160250619,237.0221494463524,8.33635558353911,52.345938840798155,0
30.07136976832228,222.40753179488567,9.86564341990129,86.1703595544543,0
37.52023257758922,246.01683114180395,8.568480021778496,73.1817708945807,0
32.348711908137794,225.65509645631545,11.36410413142524,2.116539299931958,0
31.03563583868828,202.39237240844182,12.974492310671854,151.5891607350499,1
34.46484820022721,227.53341621104533,8.839893517259913,122.66308962650015,1
29.82378838790313,223.81158384882778,10.478809001070754,78.71097825225011,0
32.23175347326409,232.89752754082747,10.999370220605869,90.56457149221795,0
29.010610537055758,226.73181351269957,10.944004541838549,54.85036958047315,0
44.82362566458195,218.61544016016225,10.151910535832174,140.87168633432594,1
35.17631775985864,207.75701763710634,11.485364836719445,146.91866084319335,1
31.50137246003707,217.90976742713974,10.964497905361315,94.70081184739574,0
36.06989955367111,211.494795457907,7.524675155345404,120.70591932556034,1
34.43835975154585,214.19476550195276,11.738312128778546,95.25860336801772,0
33.89515200233389,225.8857840442061,11.774581674533485,49.89823683372208,0
38.07083350021713,236.69904504351405,8.473427791642838,77.64529893109028,0
38.787538550236526,223.9467152982298,10.075875670895204,93.95783900315871,0
32.34749426194736,208.04116937964815,11.366657985622139,76.36356843769667,0
32.1209087967766,224.44602668220142,9.581372360841277,83.44040167694892,0
33.62474151424178,231.9663148664565,12.145956095532023,87.25801327472657,1
23.490394176322077,213.90217095680617,14.727744989238722,87.57364506403616,1
27.42404468900724,218.6598283332708,8.428027934730036,91.56775471492449,0
41.83437133722262,220.14688194729197,7.23791079369245,58.18184800810197,1
43.22483856750642,212.1510168691776,10.60763719120975,68.48951552616191,1
33.75481980221811,226.4828043384386,11.443125010252286,51.46247202900092,0
37.88278481527883,218.7905185139222,9.538267252310462,119.33446649058601,0
36.55625077271768,224.19532443907028,12.906521326642068,26.83059174479026,1
50.39440404227619,211.125078221979,7.322788400553502,124.60771029950777,1
40.59787455717289,215.6254169967659,11.385837246063222,131.5904819178853,1
34.36041204259617,227.2238135782777,8.788278358482213,80.93458239052136,0
30.22229779699787,216.27166847908234,13.438755812414593,11.905887365181044,1
26.96776839871214,237.26963851233404,13.985030706336236,79.16068314098129,1
36.017318179336115,216.00363814385398,8.466686824433305,88.07447516133543,0
31.218246273578483,222.24684725751885,8.900885728182839,59.682053402132595,0
27.88873145201163,229.3259083187309,11.719175773959604,74.54344818575272,0
31.767135578787368,205.81634267066968,9.22573870042097,135.90585596590054,1
29.592259981928024,202.39191188019225,9.909177564135524,109.94781486905222,0
43.43570817536282,204.74343685429906,10.05077684108482,62.263076568657,1
39.408198784747256,232.62584103427182,6.160653687604688,42.07202491213704,0
34.960136793416915,214.48141854107553,9.972324507811525,80.18948047170687,0
42.39972069445013,245.58199285668252,8.620544451871652,83.59629661948685,1
35.386841538238095,214.35752401342612,9.013754355200456,104.88597562089949,0
30.69357899335868,221.84551303197037,12.887264006937627,73.94049862297024,1
42.61562038634828,235.42109952567876,7.486986211441487,105.34498726085585,1
37.694550218423295,240.06092888159122,11.626410373495954,148.05462120180687,1
29.81376922836772,240.61503576636397,9.442074139336382,114.46503067332787,0
34.04830660958196,232.08366230593143,9.44047966300833,88.55734478007682,0
30.621908733076214,230.24062525811462,11.580743792103423,84.50548586840117,0
28.086001345178317,225.92526949201184,10.68010258913778,79.29980597460386,0
39.630887737658206,227.78361076166638,11.141225994439061,125.41922737356434,1
44.54708320235065,214.48814283671467,11.936369321065722,71.18059662146092,1
28.007162130904295,211.81801116577694,9.337383233633355,91.35668126999947,0
37.81484618345286,219.96625542589047,8.7755265309845,91.53593705643256,0
31.746787154390866,218.29815377475072,7.829698946884404,74.94647421565404,0
32.56437308117652,215.46771950672724,8.34917894004209,48.826033563476976,0
32.03803037880566,226.96387447456715,15.898188850617451,99.68923510853004,1
30.68004615160092,229.5530520857051,12.489359161473573,88.1698808443385,1
35.24260813972413,220.88406886291847,7.297851267583957,105.0072140830971,0
30.84524941794481,234.7753008105526,7.35508408651286,73.99199080682499,0
36.35228412889919,208.58310885866496,10.963732123436984,126.62463896439144,1
34.748809452754315,218.06340540720282,11.094529594755933,63.69678656364466,0
33.80525976566795,212.83177679397195,11.09776767063473,141.36120852053676,1
30.46218168979201,201.3346338292694,9.490088412892604,37.57090470515215,0
32.116143347158335,219.173193141573,9.749091479994199,103.04310193670673,0
38.77695612912878,218.78252491616718,10.655759048318714,104.26292047579871,0
37.504585938121906,235.1344974324213,10.171786012586661,66.13328796177353,0
30.112223776007244,226.30811684554777,5.56139925450493,102.73181813583038,0
35.49666152714613,209.75813175670794,9.540400738849613,128.38556009280478,1
38.75693561685895,238.54092566334188,8.297187131479372,23.49543481937806,0
26.652973594393142,232.21033695525352,10.350422837817025,105.08234422472444,0
37.71680096189967,225.82097703468617,15.97051800520682,15.201875390097669,1
31.686881205270765,217.73515901150168,10.73496333094861,61.03005589430376,0
37.852993342965796,210.4056076327652,9.372940627655204,138.87499094702835,1
31.183704217287417,216.27793223928947,11.843603003954504,72.54653899823838,0
25.975589496677404,230.88748619704185,10.965375774418426,54.78360106773082,0
26.862287810584185,238.8458630593461,10.840188980903683,84.06186813045954,0
35.24042473330691,235.43243528272188,11.213701186431342,152.03719014490656,1
36.29861250860741,215.11150578213727,14.113087129659082,35.049532583819214,1
30.478416874477958,208.8038256671099,7.738223129348169,58.46070265081967,0
38.19296229388687,221.40886246911205,10.947264153622909,134.9229504953888,1
26.6923996886552,202.31560634437147,8.147237740036923,145.73107030613198,1
34.669601006763415,223.23167714184783,11.111025292684497,86.89706327129149,0
28.944919001187717,218.5239741370133,8.162626977027811,52.828418924200726,0
31.740819460989204,215.33963498131757,9.165266372789832,152.87530505427478,1
35.23699335658207,204.05296932733205,9.409820171524187,137.8332717524759,1
30.69793317358024,225.13600106569717,11.951633438689418,110.36840963286699,0
33.077222278850876,214.6729916033809,11.836908887884828,65.6279295318774,0
40.0314640460722,208.30083164289712,7.5085652471072315,88.5291197748589,1
32.115540652384254,191.2773778671835,10.109868221999697,85.18919756865508,1
39.17846056032571,219.72485094949363,8.580840290501655,99.92553913846733,0
29.351465726711908,237.72251596669744,7.482990178649331,133.53004314394008,1
37.64902088957641,236.6125921454787,9.565965899151259,116.38251123412209,0
42.207843103289505,215.42903743413729,9.383034423088361,57.678717690457255,1
22.641777499363553,213.9778793963822,14.853432972691046,131.29489350058614,1
31.015523722647615,224.68774256075022,10.865919650721393,99.39396420039466,0
37.8853606359027,210.01614560811709,7.244764998491526,110.61197387576749,0
33.984773069785035,223.01791899819466,8.870451991658115,133.99622577835808,1
36.85572936685654,227.6608027838469,12.042766590858797,56.652592514593465,1
31.980074066420897,232.26933223884308,14.17688554573985,88.92523263880611,1
35.4329489373645,218.99845923520047,6.828033375524083,74.05636345922355,0
34.221613823039604,217.96326249823034,6.24015122972191,42.96421723903632,0
40.838910308299035,211.22017413243438,13.741930350743564,100.4012993281476,1
36.272104216506065,211.7311964596014,10.779228354741807,165.3466965475327,1
36.68801331037601,217.73521108098473,8.263414536247268,34.797667664827415,0
32.94061516938766,223.6736550681618,11.06925817224487,89.03158166851588,0
32.56196887963753,229.1358462623325,4.7285045219662445,109.2162880522432,0
32.8372090609019,211.96821049319655,10.006751013194322,93.69234604968544,0
36.97226071189149,234.92688568959522,10.65564234568617,86.60615842452779,0
32.895077595898684,217.2887639895743,11.84854027907566,51.023509096625276,0
36.448874284482066,219.78632705651563,7.972208095414924,96.9836022882049,0
45.37700399322719,212.52788320852176,10.171374322806718,67.2970806895222,1
39.35562351715846,195.7575973972706,8.149150747880824,24.302348850643398,1
33.369882339160796,228.84045396361049,10.510767511348634,125.83776661541192,1
41.00606961081972,227.36843897092433,8.209307355273952,118.75157459526127,1
32.95962313489224,217.18672442881785,9.183798321679559,91.5498293055324,0
24.80937732411073,220.6699071722487,8.008369210419541,96.87224064617108,0
29.95956844541298,225.15939217704098,11.302272483647315,122.22954038146685,1
25.646040394870724,204.37454143113456,11.71690223331333,96.73018970334248,0
33.24243257979346,214.70947322653706,9.530758860085172,117.12052664283944,0
35.09209189594776,227.94264679621827,10.076475989920057,81.0755339737845,0
43.382186561376415,207.4571057683075,7.102817170732912,129.3595121572184,1
36.63463686882081,222.9355793216663,9.400646703986427,99.62357177798052,0
33.90449735595568,206.43418195376594,9.89959076591651,95.82155830817622,0
39.14702790591745,224.66429982433527,15.241586182059951,51.89816733863904,1
23.944323454960575,219.64358517702516,7.776065948451673,98.60867562905126,0
36.17807279054283,203.8486818409449,12.928354477504875,65.04135247516646,1
38.85432596943483,231.6473935445717,11.993717546931617,70.85151820414518,0
27.607068771100792,212.6540842320195,10.561272808980274,65.53873115051637,0
40.71877021603464,211.8974756298562,13.517240968390267,58.01295204302325,1
36.69248203747207,222.00569197230942,10.744210945213727,153.74314209050885,1
32.923560430495996,231.48637349428716,10.778318391335857,129.94017185965208,1
38.163909330531425,209.84178181021602,9.893758693964909,147.61102506432783,1
46.35346428902198,220.6167984984797,12.447137764837255,53.313149413333086,1
35.90933127529247,224.28816500330572,12.192938467621767,92.13761249732677,1
36.24110293150168,226.93105607263143,8.748645425007576,51.19477124387713,0
32.70319550229878,221.76441555277225,7.361505610802466,69.12915368408808,0
30.75077815267604,216.32972160916677,9.594038725208685,62.45619049750275,0
39.15167908272123,211.7240977935128,8.399922871204707,127.18752019324685,1
30.719580870455665,220.86143883046375,9.87295085076929,78.1131096569472,0
35.35783118609696,209.27860988014393,12.474876269368279,122.0513800108205,1
32.61171276617441,190.78649516505394,9.08539668982642,108.12362668765553,1
37.39489912873196,224.36559804157667,9.91435323737685,159.10916256314368,1
36.668310526434745,229.03934841086195,10.11604546961679,45.61667330580828,0
40.1876997212895,196.3706756445816,11.696861764410569,127.77699719360396,1
32.44991800572627,209.90269295290062,5.50622133203079,124.39322611202184,1
33.65062532353314,226.19154261005198,8.786599410469407,60.798634859188965,0
30.106181421088465,240.574954697117,10.422567384558945,120.21400009419479,1
32.778533699619445,220.2079370767541,12.400157912853722,100.08434889078687,1
36.88650246522426,212.71997058770864,9.01619510498759,83.17571220139777,0
38.78494308322676,218.1710355889516,6.246894587916252,65.28193539084,0
30.389173379111874,233.74876419148185,11.239422891932273,68.42671645652442,0
39.3480296005283,213.54035820875464,8.729275222348742,151.49436287357778,1
41.778189294024756,212.00807993349747,7.620666681819277,90.02048456872448,1
37.067174516118506,215.17256477817966,8.751309220573551,113.46390004594377,0
44.38397906279033,210.46671391741287,9.6309492846883,66.27301854997341,1
31.131054004482134,221.22670315994796,8.790510670923574,66.60441161335083,0
28.776726483442914,236.2467845846956,5.588867885801862,122.45954427749827,1
26.106398755478608,223.23079273116028,11.794132393774264,49.512713653454036,0
42.480221557445915,217.4764649787371,12.549750082557445,77.54358696284186,1
38.27182828177029,217.08188731084456,11.30304398267901,91.02082233216696,0
34.72207664544772,204.36809191303342,7.724628659150367,93.34117805520157,0
36.3998431315991,228.8310977714716,9.597016932104964,84.62720144951531,0
29.372554763508116,219.221628029872,9.986957369541084,101.87459343287769,0
47.228759898084135,218.19520086409375,11.197588779123821,110.78567267453434,1
35.64610590987614,251.93107567844862,11.336680977436162,112.0391263637799,0
35.546973973024464,222.98752908365685,8.531652402443008,60.425885739965196,0
38.62883311949346,212.48208949904816,10.163991112827121,81.47534706213608,0
37.40504615868357,215.73642403794457,10.914560809230482,125.84288585630813,1
36.119420121395656,231.48445709196756,12.911644644293533,116.83941562721617,1
31.04762772277344,221.13270410537766,11.409013079649446,48.81421645556808,0
37.35734178567998,205.61722021682633,11.578113374751037,100.54439701056604,0
44.41012248237517,229.19228934575204,10.167653255858722,30.65324251875569,1
41.72710023077489,213.31855914461005,12.820918290407008,91.40804706181109,1
42.965933133196984,238.73297776217547,10.819525591918994,146.93301050237932,1
32.443921617844076,230.8004806571465,8.277824179652859,61.56321848193041,0
30.051975898707095,215.52678104341248,12.806739940250381,64.97030863525254,1
34.37106539950176,232.81016361735112,11.395806545078056,112.92089344718579,0
35.27862456144347,220.67855510527403,9.113911957743035,43.71595454371062,0
40.47095759235474,228.5277367512222,9.041014065201514,71.01734910344882,1
26.537676851425903,224.84732817294474,10.593151090281523,107.89323412745259,0
42.64775159730307,211.53643345009127,10.92636959053517,70.9714245693179,1
34.20996050710505,213.5645016768254,10.394584531262414,82.92090038367085,0
32.8655946502629,230.2996081758116,10.62261734688577,112.32557130945104,0
29.93947812369916,216.6522466789346,13.39991474915276,102.64638250609684,1
26.725716640671152,215.96351536758004,12.143086304469772,98.00455188886205,1
39.11585291980957,210.44877420650647,10.381271182530048,79.82633162189885,0
35.36658983594202,224.23599065593461,11.882621161534967,101.10183345806865,0
28.55019550129473,240.62524919243145,7.934952192944921,86.2880195970073,0
28.52460613968192,209.32467085745728,10.795854099893617,103.73416829777354,0
33.32107650354936,220.2421945667276,13.61861269946622,75.09203924646066,1
43.34510762644696,234.12220555415428,9.563908209215253,84.52293076861376,1
33.702043243181976,219.20358608754285,8.30473214276183,60.30126622343958,0
27.48428523440947,224.52371796249733,8.695822222813879,88.94977169981293,0
33.77128467957028,209.3760647185312,7.820733925315223,65.66997409113466,0
33.63638215126165,224.28307097207647,8.430476183744593,56.5786064951402,0
21.515566785292144,218.12855734995452,9.258983802819943,97.75983443566165,0
34.72852566741094,229.85729995679864,7.1888659616427155,96.3821932757298,0
33.84532734895661,231.87386051564752,10.031236667899206,113.48621204845718,0
38.48103182406709,245.89563642018615,11.804554347573294,77.06623291274703,0
44.244780474726724,225.79633173213577,8.184487639706159,102.24158540510267,1
40.632825147738785,223.25796316582168,13.038567847283538,106.5239271682099,1
33.65555654722585,221.94384301577335,11.021584177055189,103.34321423494784,0
29.467370456291647,216.4683370718931,12.061161171248115,65.23038951593574,1
47.8667990162493,223.3848384346169,8.684330892295726,94.48090446813566,1
35.29609217007244,217.0459858986097,11.709050454133232,100.92420888163984,0
35.06964645956473,221.68460976269614,7.816132199209374,90.21535400723826,0
34.87937456444998,233.1759753560796,11.780495001673017,27.40567024886746,0
35.99042380383928,209.93457434720358,10.343678679587063,94.8146887192044,0
34.27819794038029,231.39878561129046,11.106502439969567,156.37593118191728,1
32.13168996559882,233.17115067339864,7.648810788750296,79.19882193729052,0
32.26570529379804,218.81931473008922,8.209860315446791,68.15768706434037,0
34.83623364892001,198.78145100991406,11.19445643650677,101.20045679134195,1
32.282876144331176,213.92178012905566,8.103303991551599,99.37134631399715,0
31.435771086614178,232.9699454656111,10.926412584198246,125.78205496249242,1
35.53215113845948,219.77131937701117,7.2657243870795085,52.263955322733366,0
33.72511391289572,210.00697767705088,11.696348425333337,111.94140757724978,0
42.51996494291345,214.95225078771782,7.534953370462982,107.7126618375439,1
21.74515095803494,228.40620026504553,11.104599875359046,85.73560389178361,0
40.45753425961231,225.46733568201378,11.251261867292001,100.1606195376507,1
41.23042596248815,217.61067900830307,8.60645636314085,120.88372444795073,1
24.63304883795925,216.33175588185313,11.164053134169453,116.1694614008535,0
33.28656202959826,216.0824185095618,10.520884526667112,55.70942063778814,0
33.142795670021044,210.77589815501497,8.922316287614523,114.60474560266454,0
27.962441526410892,236.15375689469442,7.982890631847583,88.05934184902445,0
31.110916562045624,216.7767953078866,6.074748616654842,92.18622294046546,0
29.447120772670857,232.17158520825495,10.699300094599387,92.19590973005083,0
43.761352217118116,235.21316051922452,6.870394457275889,85.4927103360522,1
39.678391965737305,229.9831089814796,10.190688398882616,125.75122491321196,1
41.35777547497079,215.68379687281953,9.473103567835501,87.48846120452365,1
38.60836032021618,224.0373009033661,11.35828555087639,56.41361614850494,0
29.354741143913856,219.75804393609084,9.395909001020271,78.19410432090814,0
32.37739866860113,210.9629813926987,9.341104427305817,95.36084150431427,0
37.44687280613959,223.24359281721604,11.463741408576592,126.87644352891152,1
28.889360955540273,208.20960208840197,10.670116058168235,108.092840548465,0
38.56499215086194,231.87679388461564,10.632311914365557,64.48394163758869,0
33.79837300920933,215.35382702701608,10.938535179617052,164.55569750036676,1
33.12589596225201,222.0115965587284,6.928855753585788,97.94325932933938,0
38.554799841017456,222.83287871546142,11.513577359973963,128.26172213997046,1
37.2213165574302,217.41095026295923,11.224937588027204,85.44856699268313,0
33.1951691709046,225.86693801475275,7.966633742847005,106.00077734116348,0
40.79664901682124,215.25096343377476,9.511839052651597,115.18405513555214,1
29.594683362000513,228.71297297457244,9.921385424744738,126.54584135262768,1
38.07967803472132,206.54020319753252,9.731006431196535,121.72104916134676,1
37.96550628984192,221.26379579546412,10.66771993313707,116.16591000218934,0
33.45226780343005,239.38928999058285,12.862733563662367,80.54739806417675,1
36.63066511121059,209.99668675394426,12.163533455345657,72.84761874131816,1
28.744432118073483,213.2225502947515,7.3755616131371875,99.97822530972593,0
39.6201350960345,225.13907849658915,11.244139980612097,117.99384217023209,0
34.075489317785056,221.79581781939598,12.65786663907082,83.3183789767018,1
32.3863848974048,223.5063009927356,10.773617041378404,121.9551589714316,1
40.245046129184445,224.89187130147664,12.181960850371933,133.57850236458538,1
31.478281547286205,226.3472146856177,14.02454089140153,62.51037242779741,1
27.957693518182204,231.09699841956223,12.047419092213962,64.8923788861116,1
27.216854132380483,224.09818656928513,10.498617191283458,85.78874823283991,0
38.0300497567282,217.58742345381458,12.090176948169507,99.22838004567589,1
28.597853237518585,226.7257370120273,10.289775666193782,74.26298958698847,0
43.77397090992182,238.99881934895217,10.047806086569912,130.56608036601432,1
24.59035296058139,218.67366253617428,9.297171528572536,102.72200584555354,0
43.48228184145019,210.25470695329358,13.126826717664215,91.18341144722218,1
36.055087336013095,231.07080669286972,8.363142668115998,46.922714283944174,0
34.51643444064804,218.79618836046401,13.064735449356231,50.525525507174784,1
32.27540456595525,198.27330453985962,10.999728247480743,98.4302775084542,1
36.99568057176035,228.47421677150422,7.201387650396117,26.02213121535491,0
34.811826487875756,214.64671814046076,10.735298585982843,120.37912228932215,1
40.516509410082605,219.09466717695838,5.799946984696752,85.25538466883039,1
35.5711382433102,223.31980330569016,11.251016033662072,187.29278908784198,1
35.751508807309385,221.90499679779066,11.770462965977982,159.2374875184833,1
33.18193893893072,227.0945181713904,8.815288088695892,84.5565279225745,0
34.71527188139466,215.64513629430158,10.247095391911165,86.80988992406056,0
36.5390088444603,225.13105798176082,13.908314867500572,119.86744542006089,1
26.449158036716874,217.40453322416082,8.988506591476126,141.09517829754114,1
28.259072889471433,227.38810480887503,7.8821848258867995,40.8591282769195,0
38.71632047011357,226.15367484013052,12.963326804925197,36.408736039359404,1
35.85432719063971,210.64561297955404,13.92517438106159,71.33895583336856,1
34.0800833182366,230.85982116175032,10.007391343695694,107.48212749521593,0
35.09216966532696,214.6403655488595,12.022926070816712,104.90620771522791,1
36.737908526808354,228.08057798281146,12.682951831061763,122.0931436495155,1
32.30120159845319,223.6728731340134,8.515031534923232,54.00907414904076,0
31.108476372988438,238.38183676795123,9.029388329264263,20.515684110933705,0
35.97922627548841,217.76534017628148,12.46174902630947,115.74042585906436,1
30.10813611192484,216.50683203881803,13.370028557417019,65.15411181104297,1
37.04126377857236,219.80580394112266,11.12576172034871,29.445364068340865,0
26.4870819788108,216.96820217165725,8.240371292995892,94.35191237878145,0
40.14577818662822,227.9994190194205,13.974122223398883,113.79527064656031,1
37.362987412065216,203.8368939156341,8.938058204376071,86.33828603636168,0
36.28014867156938,209.46317580853645,9.329724437657097,76.26454841452532,0
39.91345491972757,209.32197078420808,10.684675668979242,85.2191330356228,0
43.32737222231288,229.50307591973575,13.10832084142955,78.88251712797651,1
40.07185032509065,237.10613372581926,11.707951953104448,49.55858664179499,1
25.795628843341774,218.9555078146253,10.829731000723822,68.55957969028705,0
28.602115166321493,218.3117827680999,10.926577060236212,105.63839715041443,0
31.875907111521606,220.7005216311318,10.087029337286932,99.650356241295,0
35.130455251054165,231.6187830260819,11.116279029037013,95.04179417900461,0
37.58829510234561,210.72646865809426,4.940879844611394,60.145545544398615,0
31.371280934232672,222.38368982734784,9.406785081860404,84.55490513592999,0
35.93383382238539,229.75197629782429,10.482643869833563,24.68804860671436,0
31.22308533823339,225.01094169939844,7.697971832760986,95.35429991656169,0
31.942410985040258,221.89581616598744,10.77264663562312,132.865731234407,1
27.96669451575889,230.01046092567142,9.591057558027757,45.77603603873683,0
30.38383376944548,192.96767707000762,13.510951396630979,72.42216980046734,1
28.24157697191833,226.77875319530906,13.146039450429713,99.8732033613039,1
30.120633735113337,213.45924316872575,9.068388861763674,127.5852790328245,1
40.2682089830392,201.69367103143543,9.698324576866609,76.55326151099551,1
30.253005555840286,225.1120259952498,9.852104868783215,69.23249012202311,0
48.161910324186955,233.73658545162957,9.096681047680754,30.93230572751751,1
37.466589504404446,218.62551485372308,10.390049968056253,93.10314387924319,0
35.92418061847437,229.52874547202939,8.48343586222482,151.26228120431233,1
30.708211099093933,236.12278257988646,7.738769330124947,98.32075385894028,0
38.501549397044954,233.14914453584046,11.245422447800538,89.3316306244886,0
32.12181086881113,236.39964529371395,11.259059168443622,99.66246932300956,0
35.610049073226804,227.42127491071892,8.391368480680015,89.66723988154193,0
47.800422691343975,220.75433638901592,11.790710861525199,65.6095688321961,1
34.519700501376754,203.98034188102832,8.736844541669337,114.69839747033116,0
40.74636663142838,217.53937511870052,10.506330476075963,96.77284569335264,1
31.48411787437056,211.5675340468381,11.640688025224913,90.52839755800971,0
34.82505754751519,241.70942717497815,9.932774870592574,60.7390191816525,0
43.85400317817755,218.24114187567665,10.909481824282269,129.10523795804278,1
31.865164711061162,221.23204806784486,8.967140712224857,109.9410823599933,0
44.062242789984644,225.51485376040466,9.607066833143806,73.41237487898094,1
38.538759677277376,220.43602446372455,9.588281138239319,120.05474561045811,1
32.18766612052866,236.95051040430752,8.506843306919523,75.07287484844379,0
38.1620386952776,213.77350638265548,9.646451673768436,66.5398952246689,0
39.86277224813365,221.94607455237244,6.902763402272507,67.20890647559139,0
38.10904981108598,212.5752941430195,9.017692505715791,36.86794340735727,0
27.148876400547717,206.79977488779295,9.430249013260658,104.14627141254617,0
31.364314120875658,213.88230909094716,9.48764049500924,35.065653649849494,0
33.762406822242475,219.62963202951588,9.517005108258441,53.146685062027125,0
34.62783285449977,215.7069777548274,9.876471600279743,27.732359727644003,0
38.10336048775339,213.07579020126144,10.958883036172129,87.4179092162732,0
35.88850500466627,205.93682536328166,11.749034148265045,85.49038619184384,0
28.323278206449494,219.16894427371307,8.700469546303466,80.19911360440908,0
36.90098925502981,204.95279625969,7.5935982892217115,58.72266915988271,0
38.05292872641912,227.60055963689604,7.915911175513794,54.8329873969008,0
37.7989522396552,220.82439752934502,9.025594157610145,103.93109590639722,0
40.40390362777311,205.4244850053507,9.296157364366982,73.48344204874536,1
39.16961077274452,216.90790922950137,8.460007867605086,99.49074964608434,0
37.29590039614219,212.47843594409417,7.407766671500211,63.44253941627333,0
34.649171442706766,223.1917451041918,9.087758345051624,95.43188228313247,0
26.69519533242004,233.40450446023144,10.362853240227942,129.09834111948192,1
37.14809109566293,201.24827530354256,11.19005893167113,107.5849740117835,0
36.03843843581556,221.15026079147418,8.885153893783357,77.62758545350559,0
36.35789418597687,218.3986720443336,9.174004355713132,97.71596911067782,0
28.616257120898453,226.71340076450466,8.14660338230538,82.7800447640936,0
29.594717297958688,222.13196628237688,9.937121659250447,90.23640554084184,0
40.26576426666452,212.4803066826118,8.30314273161837,80.23166843554489,1
34.802224230716725,216.8094606433338,11.1462556264824,85.06994382343827,0
38.40750348686312,212.0397414319651,6.428267016131778,96.36280059222526,0
35.14159188065231,230.76007138598598,9.280740655095075,60.19923901254148,0
35.14878069747873,220.21311648671943,10.602214678383485,59.52363519030065,0
39.69141902987999,239.01190685753008,10.367669032645008,48.34372338506367,0
32.41977635891313,219.3933918618538,15.386067327960994,41.991866864888706,1
35.48060388470492,212.91593233089537,10.699600049135816,53.48151923338562,0
32.68862355647479,204.86285607387174,7.991890806315979,94.78387520412387,0
32.827518862838424,201.96860323744056,9.809071505821853,63.216374535243474,0
33.454139382656805,204.1586405699451,6.4475073330670964,105.40843392693289,0
36.110668858168566,222.67126651011483,9.838800501406478,91.04141246257686,0
32.60625689168261,225.08725023229934,8.333887885998482,30.944873596858386,0
41.278780627867604,204.18809297967866,11.830780551120323,109.64926752665069,1
30.52696348890248,228.95038314076115,8.90091945080893,114.3239593677513,0
34.06564177919321,215.16938948316562,9.766468168409506,60.184119754954395,0
32.801344708629124,221.46793011985548,8.728884317191193,102.60574628684975,0
42.23488942176866,236.12220628255426,13.477702703706662,64.30505287772402,1
35.98277388255787,228.96839315865532,9.357514467764176,92.93011130245006,0
40.159222697343175,217.3146935209417,13.665114086958404,52.065047791351034,1
27.57219813481514,211.08807774584713,11.628303524236532,36.206806423962696,0
36.33525132934629,198.48184598670696,10.964133454670772,78.51548431161095,1
39.44815397811718,212.8084668075758,10.73746629463504,86.28813161175492,0
35.41141994637712,217.88869761172305,10.787594596432504,78.06960919156188,0
40.32740187532676,210.12820472848816,6.14465484130878,54.47908325332322,1
32.41355774949814,218.68743032907696,9.442233211698486,78.0030281360659,0
42.0467372009279,220.7685188295877,11.690315942368644,98.07884257742202,1
46.49449061809625,217.7514401819192,9.90220563305179,88.65320909632389,1
33.18580719780171,213.4999741917654,7.18962030639285,95.4750309179764,0
32.77248739299614,221.68654671966726,9.89519109884506,69.89654398637302,0
42.2669223855885,224.4194064956941,13.408211032510982,125.15153744148479,1
42.89786072865356,209.09600922557155,12.493783431069438,54.71479990335658,1
32.38569986423366,234.1093237974627,9.875991981267937,104.62680891260156,0
32.89906591452071,219.01411867715737,11.902898554116174,125.45673278879885,1
33.59107695569747,220.18849622944848,9.266985959263897,104.42724278246686,0
28.277747444828613,227.08214423256558,6.592256826346562,83.9242731880551,0
30.40674026757901,222.332161312635,8.15106802374089,74.15108860011063,0
29.97929616623966,229.53136633913246,13.125777537016395,121.08262953138768,1
31.161012174479357,222.87124165201826,9.452013836341392,47.31075224214981,0
34.82657556306609,213.8756262535956,9.513232041249964,60.896272188610695,0
36.1710736626826,223.615035252061,9.40032360745024,78.07326703524836,0
42.75250246407038,208.56273792679337,13.808273179146013,127.12961272535995,1
30.008229796306047,221.08559705776523,13.251917830724127,101.39302908122689,1
39.92161199238292,219.6677000935554,14.437560466896269,60.958627244692636,1
33.93005577887246,217.9188314272746,9.681909579199898,80.6907688384529,0
34.752681451737836,218.7146248856107,10.59124897749419,71.57030567711116,0
38.37409746083302,201.1815095450236,6.966714901158418,68.70633023299395,0
29.386389892188507,214.51275092259039,12.95386885223655,119.36668675670337,1
36.912048730920255,220.92844901141115,7.6644408974641305,48.847706122094834,0
35.83226104106528,221.598563919974,10.433551127525257,138.2634256720312,1
37.462256320040744,209.7232485907404,7.805394944734312,114.84689070553868,0
36.44584321953909,232.657078408647,8.822266346522607,122.72585011811094,1
47.276500699554475,211.33825151785499,8.3254751379006,76.11181463924225,1
31.81130007874342,229.69457200526736,8.784249478648364,85.50177842762672,0
32.34501522499091,224.27194361871685,8.921754593702042,47.00544556425864,0
31.88429736787618,213.53772690156197,8.903462410149846,74.26012778799591,0
32.22261440419873,237.7531089260951,11.666667823560614,104.80964542929453,0
31.81306436346741,208.0636316824352,7.790274413874959,128.88189185344189,1
40.94508265553776,229.19154173610002,10.441082854027734,56.78529549592645,1
42.102521239949276,230.0058231804298,12.435918304611118,79.03482189044203,1
32.146268531252616,213.29379790923355,8.973607270973208,85.46102339302433,0
30.838222134478855,233.92465300064327,8.564162218504796,48.12632393422545,0
37.35707778193202,217.49953485401048,9.538950749639499,107.74047725275202,0
32.23888477859514,222.88693629279857,12.35945041672142,68.28029004772173,1
38.164659088777555,222.60321838771222,10.388215261906716,84.13828946468928,0
36.0146151042565,218.65691258529452,8.937571410784804,76.44151884264367,0
27.42127942501384,228.10808273159782,10.96775330237608,66.31984482840977,0
42.737526006650306,227.93488720552213,7.795415700327153,89.78865043558336,1
43.97938836547761,202.5146802676182,11.362719020885896,83.53171264295933,1
31.93605654757807,233.04340242878152,10.817214615403536,78.84426353164004,0
33.06149220032008,203.37508011964326,9.384383057722232,68.14615134958972,0
36.429326953624525,230.32546204341656,8.322828403105538,99.58574012348866,0
36.67228394993513,231.26705136827584,8.226638155433086,139.60851805476855,1
38.29272136336415,209.09033569784802,11.069634672691821,94.19661698517382,0
45.05102269383175,215.89185712045415,12.457961004978124,119.88354644733387,1
34.11526386252975,208.94295331514064,8.72538450594241,48.29334224539612,0
31.00851377730773,217.85078969711265,10.91677340710297,94.73284317881308,0
28.103403859927365,216.9196571581426,5.8259459627958625,57.078950430868005,0
31.345349800290403,227.7966053226934,8.830764538685601,45.692252174042956,0
34.83436513563102,233.10308746119608,9.937882134258196,67.81885777622891,0
43.97278931758894,233.95683810789956,8.180633166036333,125.75698003240718,1
32.41194350481914,214.37831973421697,8.126987250420807,118.50047486008937,0
36.11893975819449,217.90778126255472,8.664440887062227,97.29014166163199,0
34.917885519636236,203.1656180777905,10.584385456652747,44.01898320330208,0
40.94196636724042,211.9412993350381,9.625341963187251,84.1115804583619,1
47.63466212936811,229.6485163309746,5.523537533350056,99.05100026705206,1
32.3456561353984,236.15582823548232,5.758599694729868,95.26608688735794,0
32.552802787408886,207.65651128120078,8.78626964428565,34.68619249557763,0
40.22080438534536,214.07535740847106,10.915373172107104,63.290464559403844,1
38.409457448131555,219.73594243041072,4.504990314549531,88.0776670755385,0
44.23353662868017,222.80161158819607,9.000539647696739,106.0887272855157,1
37.91964092662982,211.90396480078354,8.947504286965158,24.116165367001614,0
33.203539546064704,224.2406104446409,12.776675556416896,85.13628073560425,1
37.95327415346155,215.26160652929084,9.229956376574272,94.29146309636857,0
40.54351790291454,219.8554772912172,10.765977969481856,115.48835965548639,1
39.10241090598682,225.46284248003698,10.282514280174926,110.7857275271231,0
37.53637015553649,220.06422269810938,5.738867040385599,107.47713956426415,0
40.33337344794577,215.6361410947343,11.536414433263474,66.00178479894197,1
40.84647795222836,218.90390196074168,10.430793010912575,32.759935886300774,1
41.91079495518763,219.11637040794665,11.01653727934918,78.20841728815797,1
38.24354943794821,216.29988970117873,17.852475412872653,120.0489547562568,1
34.16440959841573,217.41203937332898,5.831774121002823,131.80363582573295,1
35.733568432166614,235.98647170504717,13.449393299522217,111.31647306893356,1
41.03254483254179,225.6091944794124,9.425104961199288,102.88022468405202,1
30.91532164506382,217.0451968197084,10.574657808806018,101.38918945157897,0
36.84336654436451,226.96954404510737,9.908975509397516,73.31643759717659,0
33.0333059383632,216.6618051024399,9.151527333203912,86.0981911933914,0
35.143724114674086,231.73124637586642,8.860334143522483,140.07208577478994,1
41.39225931303649,223.69642192198094,10.659017471146019,61.72325982624371,1
35.95549534009952,218.92697855995772,6.965652606656642,138.44336372129555,1
35.23218274078074,224.47716925810278,11.501158335043531,80.33915536523824,0
28.200719295100406,204.291238479315,9.167611190229492,129.76296327285235,1
38.731267830136105,208.73232531090196,7.739861321919284,47.795549715073854,0
38.22742090570538,208.06074993600944,9.099974284008372,107.57712603493948,0
45.8162736165273,221.42943094763706,12.514298433725145,67.89689592157134,1
33.461108825234994,237.3251499948509,8.929329825967553,47.541984242274374,0
36.0957516383197,242.31300146192632,10.71690723641924,96.55602127232837,0
36.246918418553776,226.38051101440757,8.538087448569053,120.28415365787906,1
42.887266398817374,225.00844474944458,11.515843699847238,64.65175684219511,1
34.52352233806524,201.98942265847262,11.371015477580409,45.02952118624796,0
36.3951076288517,214.5732620026598,13.697217666592824,87.24465706995134,1
38.0394825485827,212.1221624809176,9.64887210900157,87.37694013668457,0
35.93304561578179,213.79152401748883,11.337309609515813,106.44958882663497,0
32.76783192724736,218.3185618141521,10.196135079077889,118.48783714093464,0
35.970449964491536,215.27909422302872,12.591743563726029,88.21754456182518,1
40.36815874929886,200.20700189624213,8.56233522478254,145.6650994438279,1
29.8674235029447,227.47910256117535,11.490010625754563,96.72704233605876,0
35.66484837073438,209.27256974260195,9.610605407766636,79.60720481979301,0
31.499395925304135,222.3924686411115,9.871623645783005,41.652979226915164,0
40.97523314462421,240.74082669749973,10.183504968896745,82.12021439051497,1
27.384065476081126,210.80615408413576,10.504480792853355,79.90839163766591,0
32.20539076364206,194.6971247725367,9.767541913756084,118.80914388844411,1
36.8860593753226,217.1399577811989,10.429426366341053,103.87450872200563,0
42.827620146171704,231.0095963499857,13.156236115124369,54.618926351021486,1
34.67124869463506,239.58347454220595,11.970899371230438,95.16763159233112,0
32.22400236653401,207.70450405547584,11.738309184993794,110.1459351518716,0
44.40578534720295,224.96699223236521,9.088920947952259,135.84094078163497,1
27.75993049791878,215.34689543219946,8.221518343543352,116.62511902242179,0
24.00597021689959,218.94051645695865,11.910601116475506,112.82539962934433,0
37.200072250266665,246.44343347017036,11.752093585059589,91.8025798384549,0
32.489728878236946,204.97029671604847,12.945341351501964,101.64936016270349,1
29.893835914346433,222.53739661494575,8.792038748061541,127.48514702118476,1
38.541782236496765,224.67693171765433,9.540902689279307,50.01667807561051,0
36.219003568855996,230.85786324939346,6.721031674949131,79.51682018349132,0
32.17960684631636,220.97983153470895,9.215057787878255,66.82293753731278,0
28.59847800664553,223.08050539504103,11.993141021158895,101.37459356178373,0
39.36228664140072,216.0835143257821,9.067009241543603,126.90666526952363,1
38.251005889793305,222.69126941245108,11.280959590401647,72.09077139836779,0
34.50412068110309,216.5680772450259,9.618993788004378,18.290868975916865,0
44.23318498023833,226.2157188985605,10.648114056443122,77.6333776492659,1
29.649576168369236,216.30389663956365,7.704617220368665,117.40421196052219,0
27.372374145376305,223.77100393902185,10.170418899267801,106.12889708849639,0
31.540459650593778,219.70737186315023,4.0177280581985535,102.84558743431728,0
34.77206991822251,231.2605025077217,9.62620768367603,81.6002009437656,0
36.21669724661346,219.48606276411513,6.73905351256972,51.62907791340641,0
33.79381971071835,202.2696753179312,12.411989033093633,105.45882964873402,1
36.76027698257148,232.61921500713993,11.554814705529022,64.97154569896125,0
28.74230287904778,210.94267699137382,10.933341963932161,155.52290200141368,1
42.2188230203663,213.4623366135118,13.04201245431876,107.11521625063548,1
34.58924410803716,214.04338705956508,8.102166958350326,72.58055092338147,0
40.58647915794064,233.74438093170818,13.494726395831115,71.65844257834115,1
36.71362673188852,198.64325786021305,11.86438312852077,87.21167380159235,1
37.28376609576892,251.37748533659993,9.526889425562107,82.81494233934751,0
37.84883640116102,230.56056809066052,12.271240294365889,123.50501326589863,1
37.23854280008658,222.2323891412916,7.787412975176732,95.5924850923214,0
38.21361379933772,219.45105999383713,8.350971676944653,68.05104783274416,0
41.64576265066216,222.85554074857657,8.7828205535206,146.71322055467348,1
35.98260584850735,225.21122428379337,8.942044583871969,91.47924994560668,0
38.54501878794256,226.45215585950058,7.8868847144794945,113.06519027906691,0
34.55132152856387,225.55604466003447,12.44616613419065,71.75320477665721,1
42.200586077247365,220.89580681255248,9.482291199260336,100.8934688323357,1
31.61803848970365,218.02661579692673,10.70500993671376,99.33329973429585,0
44.004702164554075,218.48726716346488,8.85929726717264,33.31052123711541,1
34.79921024677828,218.0509171964732,6.358793398902966,150.4582533138192,1
27.84612448940976,231.33770096867065,10.540114716782844,128.71933382767642,1
35.64052207455395,225.93556722280863,6.175490049160446,78.08414051562038,0
31.594741712625595,190.5961136533572,9.862731907829064,56.93190778632434,1
39.20321774494362,226.55900776529762,7.263369922334379,100.42684841410656,0
31.736880103488044,221.94736194718774,13.974551998461616,92.60093098243189,1
32.7690828339261,219.81291243554102,11.822725444349443,100.67006845689689,0
25.552296345272346,216.11481546911114,10.21150758254296,95.74732188582269,0
32.73846840375462,231.24112719986013,12.527413355309337,105.18722967917779,1
22.88060336685522,229.47526462122858,8.307368045068529,133.4191709817542,1
27.080485882571384,212.2712233217639,11.086958757340186,107.04309615385938,0
38.80207328072149,224.07052287124534,10.399620867437427,58.51033503270176,0
38.92900079325416,210.28343265458713,10.52804016266734,130.87688558137356,1
37.12728780892483,206.2038183521107,12.544707000213535,139.21843690464863,1
30.165119284353935,213.73282775410036,11.464984205559604,184.56170203536254,1
34.7614432192901,228.62393472382757,10.577447325650047,56.29517900281206,0
34.98198730454716,229.53125045376086,6.690225127543408,97.28646039450825,0
29.208176554037287,225.13085420097292,8.079907409441073,27.53703890433038,0
42.51699150883575,227.25095786847996,9.754582132808551,106.59447469137628,1
39.386811452878355,225.1617828711496,10.186744748553302,73.55399105499683,0
33.89517913085168,213.58518404777047,7.739592550652152,147.7033738447486,1
35.134429194972654,224.3192254467394,14.823353351156843,66.76155089944254,1
36.04191403973776,228.0040952522768,13.032788110507145,39.32450886098215,1
24.791325657878545,227.54291329813574,11.204236640784966,75.8620877789244,0
33.764113087397014,231.88913371474644,10.144073722567489,30.73536686348588,0
31.590078760011007,227.08303847201063,9.575582060197696,112.5329836352193,0
29.991899950525422,223.51448207541583,8.096163079955529,28.04750861231038,0
33.594498535570224,230.70150238316427,10.154961037037726,90.85372743549476,0
43.988432634247616,219.7347874075094,10.515505080285502,27.6656454043141,1
38.20421430633505,211.1812534877228,7.516478849036751,80.39106586390074,0
32.144105051086015,218.36933036056237,10.668352834489795,139.30134467413603,1
37.86291390678079,212.5509735519355,9.689481902350503,100.81943674307385,0
